<!DOCTYPE ui:UiBinder SYSTEM "http://dl.google.com/gwt/DTD/xhtml.ent">
<ui:UiBinder xmlns:ui="urn:ui:com.google.gwt.uibinder"
	xmlns:g="urn:import:com.google.gwt.user.client.ui">
	<ui:style>
		.important {
			font-weight: bold;
		}
	</ui:style>
	<g:HorizontalPanel>
		<g:Label>Select camera</g:Label>
		<g:ListBox ui:field="camerasBox"/>
		<g:Label>Time:&nbsp;</g:Label>
		<g:Label ui:field="skeletonTime"/>
		<g:ToggleButton ui:field="playButton"/>
		<g:Label ui:field="loadingLabel"/>
	</g:HorizontalPanel>
</ui:UiBinder> 