<?xml version="1.0" encoding="UTF-8"?>
<module rename-to='skeleton_viewer'>
  <!-- Inherit the core Web Toolkit stuff.                        -->
  <inherits name='com.google.gwt.user.User'/>

  <!-- Inherit the default GWT style sheet.  You can change       -->
  <!-- the theme of your GWT application by uncommenting          -->
  <!-- any one of the following lines.                            -->
  <inherits name='com.google.gwt.user.theme.clean.Clean'/>
  <!-- <inherits name='com.google.gwt.user.theme.standard.Standard'/> -->
  <!-- <inherits name='com.google.gwt.user.theme.chrome.Chrome'/> -->
  <!-- <inherits name='com.google.gwt.user.theme.dark.Dark'/>     -->

  <!-- Other module inherits                                      -->

  <inherits name='com.google.gwt.widgetideas.WidgetIdeas'/>
  <inherits name='gwt.g3d.g3d'/>

  <!-- Specify the app entry point class.                         -->
  <entry-point class='amilab.skeleton_viewer.client.SkeletonViewer'/>


  <!-- <set-property name="user.agent" value="gecko1_8" /> -->
  <set-property name="user.agent" value="gecko1_8" />
  <!-- Specify the paths for translatable code                    -->
  <source path='client'/>
  <source path='shared'/>

</module>
